date_created,company_name,company_number,status,cohort,postcode,company_type,sic_codes,registered_office
1990-06-07,CJJ HOLDINGS LIMITED,NI024553,dissolved,Wincham – Greenfield Farm,CW12 4TR,ltd,99999,"{'address_line_1': '43 Lockview Road', 'locality': 'Belfast', 'postal_code': 'BT9 5FJ', 'region': 'Co Antrim'}"
1990-06-07,CJJ HOLDINGS LIMITED,NI024553,dissolved,Adrem – Albert Chambers,CW12 4AA,ltd,99999,"{'address_line_1': '43 Lockview Road', 'locality': 'Belfast', 'postal_code': 'BT9 5FJ', 'region': 'Co Antrim'}"
1990-06-01,JH INDUSTRIAL CLEANING SERVICES LIMITED,NI024532,dissolved,Wincham – Greenfield Farm,CW12 4TR,ltd,96090,"{'address_line_1': 'Waterfront Plaza', 'address_line_2': '8 Laganbank Road', 'locality': 'Belfast', 'postal_code': 'BT1 3LR'}"
1990-06-01,JH INDUSTRIAL CLEANING SERVICES LIMITED,NI024532,dissolved,Adrem – Albert Chambers,CW12 4AA,ltd,96090,"{'address_line_1': 'Waterfront Plaza', 'address_line_2': '8 Laganbank Road', 'locality': 'Belfast', 'postal_code': 'BT1 3LR'}"
1990-05-29,KAREN MORTLOCK TRUST-THE,NI024511,dissolved,Wincham – Greenfield Farm,CW12 4TR,private-limited-guarant-nsc-limited-exemption,88990,"{'address_line_1': '20 Rosemary Street', 'locality': 'Belfast', 'postal_code': 'BT1 1QD', 'region': 'Co Antrim', 'country': 'Northern Ireland'}"
1990-05-29,KAREN MORTLOCK TRUST-THE,NI024511,dissolved,Adrem – Albert Chambers,CW12 4AA,private-limited-guarant-nsc-limited-exemption,88990,"{'address_line_1': '20 Rosemary Street', 'locality': 'Belfast', 'postal_code': 'BT1 1QD', 'region': 'Co Antrim', 'country': 'Northern Ireland'}"
1990-05-14,VISION ENTERTAINMENT IRELAND LIMITED,NI024477,dissolved,Wincham – Greenfield Farm,CW12 4TR,ltd,,"{'address_line_1': 'First Floor,Suite 1 Benmore House', 'address_line_2': '343/353 Lisburn Road', 'locality': 'Belfast', 'postal_code': 'BT9 7EP'}"
1990-05-14,ABBEY LUMBER (U.K) LIMITED,NI024470,dissolved,Wincham – Greenfield Farm,CW12 4TR,ltd,46730,"{'address_line_1': 'Forsyth House', 'address_line_2': 'Cromac Square', 'locality': 'Belfast', 'postal_code': 'BT2 8LA', 'region': 'Co Antrim'}"
1990-05-14,VISION ENTERTAINMENT IRELAND LIMITED,NI024477,dissolved,Adrem – Albert Chambers,CW12 4AA,ltd,,"{'address_line_1': 'First Floor,Suite 1 Benmore House', 'address_line_2': '343/353 Lisburn Road', 'locality': 'Belfast', 'postal_code': 'BT9 7EP'}"
1990-05-14,ABBEY LUMBER (U.K) LIMITED,NI024470,dissolved,Adrem – Albert Chambers,CW12 4AA,ltd,46730,"{'address_line_1': 'Forsyth House', 'address_line_2': 'Cromac Square', 'locality': 'Belfast', 'postal_code': 'BT2 8LA', 'region': 'Co Antrim'}"
1990-05-02,PROCON ENTERPRISES LIMITED,NI024430,dissolved,Wincham – Greenfield Farm,CW12 4TR,ltd,99999,"{'address_line_1': 'Winton', 'address_line_2': '8 Donegall Drive', 'locality': 'Whitehead', 'postal_code': 'BT38 9LT', 'region': 'Co Antrim'}"
1990-05-02,BELFAST DRAIN CLEARANCE SERVICES LIMITED,NI024431,dissolved,Wincham – Greenfield Farm,CW12 4TR,ltd,82990,"{'address_line_1': ""9 Gibson's Lane"", 'locality': 'Newtownards', 'postal_code': 'BT23 4LJ', 'region': 'Co Down'}"
1990-05-02,PROCON ENTERPRISES LIMITED,NI024430,dissolved,Adrem – Albert Chambers,CW12 4AA,ltd,99999,"{'address_line_1': 'Winton', 'address_line_2': '8 Donegall Drive', 'locality': 'Whitehead', 'postal_code': 'BT38 9LT', 'region': 'Co Antrim'}"
1990-05-02,BELFAST DRAIN CLEARANCE SERVICES LIMITED,NI024431,dissolved,Adrem – Albert Chambers,CW12 4AA,ltd,82990,"{'address_line_1': ""9 Gibson's Lane"", 'locality': 'Newtownards', 'postal_code': 'BT23 4LJ', 'region': 'Co Down'}"
1990-04-26,ULSTER MAPLE LEAF TRAVEL LIMITED,NI024402,liquidation,Wincham – Greenfield Farm,CW12 4TR,ltd,,"{'address_line_1': '41,High Street,', 'address_line_2': 'Belfast', 'postal_code': 'BT1 2AB'}"
1990-04-26,ULSTER MAPLE LEAF TRAVEL LIMITED,NI024402,liquidation,Adrem – Albert Chambers,CW12 4AA,ltd,,"{'address_line_1': '41,High Street,', 'address_line_2': 'Belfast', 'postal_code': 'BT1 2AB'}"
1989-11-30,SELECT FRAMES & GLASS LTD,NI023347,dissolved,Wincham – Greenfield Farm,CW12 4TR,ltd,43290,"{'address_line_1': 'Unit A1 Boucher Business Studios', 'address_line_2': 'Glenmachan Place', 'locality': 'Belfast', 'postal_code': 'BT12 6QH', 'region': 'Antrim'}"
1989-11-30,SELECT FRAMES & GLASS LTD,NI023347,dissolved,Adrem – Albert Chambers,CW12 4AA,ltd,43290,"{'address_line_1': 'Unit A1 Boucher Business Studios', 'address_line_2': 'Glenmachan Place', 'locality': 'Belfast', 'postal_code': 'BT12 6QH', 'region': 'Antrim'}"
1989-11-22,TREETOPS SECURITIES LIMITED,NI023318,dissolved,Wincham – Greenfield Farm,CW12 4TR,ltd,68209,"{'address_line_1': 'Aisling House', 'address_line_2': '50 Stranmillis Embankment', 'locality': 'Belfast', 'postal_code': 'BT9 5FL'}"
1989-11-22,TREETOPS SECURITIES LIMITED,NI023318,dissolved,Adrem – Albert Chambers,CW12 4AA,ltd,68209,"{'address_line_1': 'Aisling House', 'address_line_2': '50 Stranmillis Embankment', 'locality': 'Belfast', 'postal_code': 'BT9 5FL'}"
1989-11-20,BEN MADIGAN HOUSING DEVELOPMENT LTD,NI023291,receivership,Wincham – Greenfield Farm,CW12 4TR,ltd,7487,"{'address_line_1': 'C/O Dnt Chartered Accountants Ormeau House', 'address_line_2': '91-97 Ormeau Road', 'locality': 'Belfast', 'postal_code': 'BT7 1SH', 'region': 'Co Antrim'}"
1989-11-20,BEN MADIGAN HOUSING DEVELOPMENT LTD,NI023291,receivership,Adrem – Albert Chambers,CW12 4AA,ltd,7487,"{'address_line_1': 'C/O Dnt Chartered Accountants Ormeau House', 'address_line_2': '91-97 Ormeau Road', 'locality': 'Belfast', 'postal_code': 'BT7 1SH', 'region': 'Co Antrim'}"
1989-10-06,NORTH DOWN FRUIT & VEGETABLE CO. LTD.,NI023141,dissolved,Wincham – Greenfield Farm,CW12 4TR,ltd,99999,"{'address_line_1': 'Unit 7 Blackstaff Road', 'locality': 'Belfast', 'postal_code': 'BT11 9DT', 'country': 'Northern Ireland'}"
1989-10-06,NORTH DOWN FRUIT & VEGETABLE CO. LTD.,NI023141,dissolved,Adrem – Albert Chambers,CW12 4AA,ltd,99999,"{'address_line_1': 'Unit 7 Blackstaff Road', 'locality': 'Belfast', 'postal_code': 'BT11 9DT', 'country': 'Northern Ireland'}"
1989-07-06,DON SUNG DEVELOPMENTS LIMITED,NI022871,dissolved,Wincham – Greenfield Farm,CW12 4TR,ltd,68209,"{'address_line_1': '18 Bachelors Walk', 'address_line_2': 'Lisburn', 'locality': 'Co Antrim', 'postal_code': 'BT28 1XJ'}"
1989-07-06,DON SUNG DEVELOPMENTS LIMITED,NI022871,dissolved,Adrem – Albert Chambers,CW12 4AA,ltd,68209,"{'address_line_1': '18 Bachelors Walk', 'address_line_2': 'Lisburn', 'locality': 'Co Antrim', 'postal_code': 'BT28 1XJ'}"
1989-06-28,DENADA (NI) LIMITED,NI022846,dissolved,Wincham – Greenfield Farm,CW12 4TR,ltd,99999,"{'address_line_1': 'Airport Road West', 'address_line_2': 'Sydenham', 'locality': 'Belfast', 'postal_code': 'BT3 9ED', 'region': 'Northern Ireland'}"
1989-06-28,DENADA (NI) LIMITED,NI022846,dissolved,Adrem – Albert Chambers,CW12 4AA,ltd,99999,"{'address_line_1': 'Airport Road West', 'address_line_2': 'Sydenham', 'locality': 'Belfast', 'postal_code': 'BT3 9ED', 'region': 'Northern Ireland'}"
1989-06-21,SAINTFIELD PROPERTIES LIMITED,NI022818,dissolved,Wincham – Greenfield Farm,CW12 4TR,ltd,68100,"{'address_line_1': '14 Lisburn Street', 'locality': 'Hillsborough', 'postal_code': 'BT26 6AB'}"
1989-06-21,SAINTFIELD PROPERTIES LIMITED,NI022818,dissolved,Adrem – Albert Chambers,CW12 4AA,ltd,68100,"{'address_line_1': '14 Lisburn Street', 'locality': 'Hillsborough', 'postal_code': 'BT26 6AB'}"
1989-05-10,JC PROPERTY AND MAINTENANCE SERVICES (NI) LIMITED,NI022683,dissolved,Wincham – Greenfield Farm,CW12 4TR,ltd,81210,"{'address_line_1': '7 Clarendon Road', 'address_line_2': 'Clarendon Dock', 'locality': 'Belfast', 'postal_code': 'BT1 3BG', 'region': 'Co Antrim'}"
1989-05-10,MANET INVESTMENTS LIMITED,NI022697,dissolved,Wincham – Greenfield Farm,CW12 4TR,ltd,70100,"{'address_line_1': 'Dax House', 'address_line_2': '22 Howard Street', 'locality': 'Belfast', 'postal_code': 'BT1 6PA'}"
1989-05-10,MARLIN INVESTMENTS LIMITED,NI022699,dissolved,Wincham – Greenfield Farm,CW12 4TR,ltd,99999,"{'address_line_1': '20 Rosemary Street', 'locality': 'Belfast', 'postal_code': 'BT1 1QD', 'country': 'Northern Ireland'}"
1989-05-10,JC PROPERTY AND MAINTENANCE SERVICES (NI) LIMITED,NI022683,dissolved,Adrem – Albert Chambers,CW12 4AA,ltd,81210,"{'address_line_1': '7 Clarendon Road', 'address_line_2': 'Clarendon Dock', 'locality': 'Belfast', 'postal_code': 'BT1 3BG', 'region': 'Co Antrim'}"
1989-05-10,MANET INVESTMENTS LIMITED,NI022697,dissolved,Adrem – Albert Chambers,CW12 4AA,ltd,70100,"{'address_line_1': 'Dax House', 'address_line_2': '22 Howard Street', 'locality': 'Belfast', 'postal_code': 'BT1 6PA'}"
1989-05-10,MARLIN INVESTMENTS LIMITED,NI022699,dissolved,Adrem – Albert Chambers,CW12 4AA,ltd,99999,"{'address_line_1': '20 Rosemary Street', 'locality': 'Belfast', 'postal_code': 'BT1 1QD', 'country': 'Northern Ireland'}"
1989-04-28,KEADY BUSINESS CENTRE LIMITED,NI022630,dissolved,Wincham – Greenfield Farm,CW12 4TR,private-limited-guarant-nsc,68209,"{'address_line_1': '2 Loughgall Road', 'locality': 'Armagh', 'postal_code': 'BT61 7NH', 'region': 'County Armagh'}"
1989-04-28,KEADY BUSINESS CENTRE LIMITED,NI022630,dissolved,Adrem – Albert Chambers,CW12 4AA,private-limited-guarant-nsc,68209,"{'address_line_1': '2 Loughgall Road', 'locality': 'Armagh', 'postal_code': 'BT61 7NH', 'region': 'County Armagh'}"
1989-04-25,FAXIT LIMITED,NI022612,dissolved,Wincham – Greenfield Farm,CW12 4TR,ltd,99999,"{'address_line_1': '222 Upper Newtownards Road', 'address_line_2': 'Belfast', 'postal_code': 'BT4 3ET'}"
1989-04-25,ULSTER BANK COMMERCIAL SERVICES (N.I.) LIMITED,NI022623,dissolved,Wincham – Greenfield Farm,CW12 4TR,ltd,66190,"{'address_line_1': '2 Donegall Square West', 'locality': 'Belfast', 'postal_code': 'BT2 7GP'}"
1989-04-25,FAXIT LIMITED,NI022612,dissolved,Adrem – Albert Chambers,CW12 4AA,ltd,99999,"{'address_line_1': '222 Upper Newtownards Road', 'address_line_2': 'Belfast', 'postal_code': 'BT4 3ET'}"
1989-04-25,ULSTER BANK COMMERCIAL SERVICES (N.I.) LIMITED,NI022623,dissolved,Adrem – Albert Chambers,CW12 4AA,ltd,66190,"{'address_line_1': '2 Donegall Square West', 'locality': 'Belfast', 'postal_code': 'BT2 7GP'}"
1989-04-13,GLENKEEL INVESTMENTS LIMITED,NI022557,dissolved,Wincham – Greenfield Farm,CW12 4TR,ltd,99999,"{'address_line_1': 'Newpark', 'address_line_2': '65 Greystone Road', 'locality': 'Antrim', 'postal_code': 'BT41 2QN'}"
1989-04-13,CONSTRUCTION ENGINEERING LIMITED,NI022564,dissolved,Wincham – Greenfield Farm,CW12 4TR,ltd,99999,"{'address_line_1': '5 Blackwater Road', 'address_line_2': 'Mallusk', 'locality': 'Newtownabbey', 'postal_code': 'BT36 4TZ', 'region': 'Co. Antrim'}"
1989-04-13,GLENKEEL INVESTMENTS LIMITED,NI022557,dissolved,Adrem – Albert Chambers,CW12 4AA,ltd,99999,"{'address_line_1': 'Newpark', 'address_line_2': '65 Greystone Road', 'locality': 'Antrim', 'postal_code': 'BT41 2QN'}"
1989-04-13,CONSTRUCTION ENGINEERING LIMITED,NI022564,dissolved,Adrem – Albert Chambers,CW12 4AA,ltd,99999,"{'address_line_1': '5 Blackwater Road', 'address_line_2': 'Mallusk', 'locality': 'Newtownabbey', 'postal_code': 'BT36 4TZ', 'region': 'Co. Antrim'}"
1989-03-23,FLETCHER RESIDENTIAL DEVELOPMENTS NI LIMITED,NI022501,dissolved,Wincham – Greenfield Farm,CW12 4TR,ltd,41100,"{'address_line_1': 'Lindsay House', 'address_line_2': '10 Callender Street', 'locality': 'Belfast', 'postal_code': 'BT1 5BN', 'region': 'Antrim'}"
1989-03-23,FLETCHER RESIDENTIAL DEVELOPMENTS NI LIMITED,NI022501,dissolved,Adrem – Albert Chambers,CW12 4AA,ltd,41100,"{'address_line_1': 'Lindsay House', 'address_line_2': '10 Callender Street', 'locality': 'Belfast', 'postal_code': 'BT1 5BN', 'region': 'Antrim'}"
1989-03-07,CARL STUART (N.I.) LIMITED,NI022429,dissolved,Wincham – Greenfield Farm,CW12 4TR,ltd,46180,"{'address_line_1': 'Unit 33 , Valley Business Centre', 'address_line_2': '67 Church Road', 'locality': 'Newtownabbey', 'postal_code': 'BT36 7LS', 'region': 'Co.Antrim'}"
1989-03-07,CARL STUART (N.I.) LIMITED,NI022429,dissolved,Adrem – Albert Chambers,CW12 4AA,ltd,46180,"{'address_line_1': 'Unit 33 , Valley Business Centre', 'address_line_2': '67 Church Road', 'locality': 'Newtownabbey', 'postal_code': 'BT36 7LS', 'region': 'Co.Antrim'}"
1989-02-02,AIR-VENDING (N.I.) LIMITED,NI022323,dissolved,Wincham – Greenfield Farm,CW12 4TR,ltd,96090,"{'address_line_1': 'Unit 3 Cido Business Complex Carn Drive', 'address_line_2': 'Carn Industrial Area', 'locality': 'Portadown', 'postal_code': 'BT63 5WH', 'region': 'County Armagh'}"
1989-02-02,AIR-VENDING (N.I.) LIMITED,NI022323,dissolved,Adrem – Albert Chambers,CW12 4AA,ltd,96090,"{'address_line_1': 'Unit 3 Cido Business Complex Carn Drive', 'address_line_2': 'Carn Industrial Area', 'locality': 'Portadown', 'postal_code': 'BT63 5WH', 'region': 'County Armagh'}"
1989-01-05,LAVELLE TRANSPORT & STORAGE LTD,NI022287,dissolved,Wincham – Greenfield Farm,CW12 4TR,ltd,49410,"{'address_line_1': '80 New Road', 'address_line_2': 'Tullydonnell', 'locality': 'Silverbridge', 'postal_code': 'BT35 9LR', 'region': 'Newry'}"
1989-01-05,LAVELLE TRANSPORT & STORAGE LTD,NI022287,dissolved,Adrem – Albert Chambers,CW12 4AA,ltd,49410,"{'address_line_1': '80 New Road', 'address_line_2': 'Tullydonnell', 'locality': 'Silverbridge', 'postal_code': 'BT35 9LR', 'region': 'Newry'}"
1988-10-26,RAVENHILL NURSING HOME LIMITED,NI022061,dissolved,Wincham – Greenfield Farm,CW12 4TR,ltd,86102 | 87100,"{'address_line_1': '17 Clarendon Road', 'address_line_2': 'Clarendon Dock', 'locality': 'Belfast', 'postal_code': 'BT1 3BG'}"
1988-10-26,RAVENHILL NURSING HOME LIMITED,NI022061,dissolved,Adrem – Albert Chambers,CW12 4AA,ltd,86102 | 87100,"{'address_line_1': '17 Clarendon Road', 'address_line_2': 'Clarendon Dock', 'locality': 'Belfast', 'postal_code': 'BT1 3BG'}"
1988-10-12,RAMS (N.I.) LIMITED,NI022025,dissolved,Wincham – Greenfield Farm,CW12 4TR,private-limited-guarant-nsc,86900,"{'address_line_1': 'Unit 94/95', 'address_line_2': 'City Business Park', 'locality': 'Dunmurry', 'postal_code': 'BT17 9HU', 'region': 'Belfast'}"
1988-10-12,RAMS (N.I.) LIMITED,NI022025,dissolved,Adrem – Albert Chambers,CW12 4AA,private-limited-guarant-nsc,86900,"{'address_line_1': 'Unit 94/95', 'address_line_2': 'City Business Park', 'locality': 'Dunmurry', 'postal_code': 'BT17 9HU', 'region': 'Belfast'}"
1988-10-03,PHIBETA BUSINESS SYSTEMS LIMITED,NI021982,dissolved,Wincham – Greenfield Farm,CW12 4TR,ltd,99999,"{'address_line_1': 'Lindsay House', 'address_line_2': '10 Callender Street', 'locality': 'Belfast', 'postal_code': 'BT1 5BN'}"
1988-10-03,PHIBETA BUSINESS SYSTEMS LIMITED,NI021982,dissolved,Adrem – Albert Chambers,CW12 4AA,ltd,99999,"{'address_line_1': 'Lindsay House', 'address_line_2': '10 Callender Street', 'locality': 'Belfast', 'postal_code': 'BT1 5BN'}"
1988-09-30,ARMAGH HYDRAULICS LIMITED,NI021965,liquidation,Wincham – Greenfield Farm,CW12 4TR,ltd,,"{'address_line_1': '26 The Square', 'address_line_2': 'Moy', 'locality': 'Dungannon', 'postal_code': 'BT71 5SG'}"
1988-09-30,ARMAGH HYDRAULICS LIMITED,NI021965,liquidation,Adrem – Albert Chambers,CW12 4AA,ltd,,"{'address_line_1': '26 The Square', 'address_line_2': 'Moy', 'locality': 'Dungannon', 'postal_code': 'BT71 5SG'}"
1988-09-14,WIDEOAK DEVELOPMENTS LIMITED,NI021926,dissolved,Wincham – Greenfield Farm,CW12 4TR,ltd,41100,"{'address_line_1': 'Waterford House', 'address_line_2': '32 Lodge Road', 'locality': 'Coleraine', 'postal_code': 'BT52 1NB'}"
1988-09-14,WIDEOAK DEVELOPMENTS LIMITED,NI021926,dissolved,Adrem – Albert Chambers,CW12 4AA,ltd,41100,"{'address_line_1': 'Waterford House', 'address_line_2': '32 Lodge Road', 'locality': 'Coleraine', 'postal_code': 'BT52 1NB'}"
1988-07-22,HOUSE OF BRINDLE LIMITED,NI021789,dissolved,Wincham – Greenfield Farm,CW12 4TR,ltd,47710 | 56102,"{'address_line_1': 'Rsm Mcclure Watters Number One', 'address_line_2': 'Lanyon Quay', 'locality': 'Belfast', 'postal_code': 'BT1 3LG'}"
1988-07-22,HOUSE OF BRINDLE LIMITED,NI021789,dissolved,Adrem – Albert Chambers,CW12 4AA,ltd,47710 | 56102,"{'address_line_1': 'Rsm Mcclure Watters Number One', 'address_line_2': 'Lanyon Quay', 'locality': 'Belfast', 'postal_code': 'BT1 3LG'}"
1988-07-14,DIAMED-U.K. LIMITED,NI021765,liquidation,Wincham – Greenfield Farm,CW12 4TR,ltd,,"{'address_line_1': 'Bdo Binder Hamlyn', 'address_line_2': ""Water's Edge"", 'locality': 'Clarendon Dock', 'postal_code': 'BT1 3BH', 'region': 'Belfast'}"
1988-07-14,DIAMED-U.K. LIMITED,NI021765,liquidation,Adrem – Albert Chambers,CW12 4AA,ltd,,"{'address_line_1': 'Bdo Binder Hamlyn', 'address_line_2': ""Water's Edge"", 'locality': 'Clarendon Dock', 'postal_code': 'BT1 3BH', 'region': 'Belfast'}"
1988-06-23,O & P CONSTRUCTION LIMITED,NI021706,dissolved,Wincham – Greenfield Farm,CW12 4TR,ltd,99999,"{'address_line_1': '58 Oldtown Street', 'address_line_2': 'Cookstown', 'locality': 'Co Tyrone', 'postal_code': 'BT80 8EF'}"
1988-06-23,O & P CONSTRUCTION LIMITED,NI021706,dissolved,Adrem – Albert Chambers,CW12 4AA,ltd,99999,"{'address_line_1': '58 Oldtown Street', 'address_line_2': 'Cookstown', 'locality': 'Co Tyrone', 'postal_code': 'BT80 8EF'}"
1988-05-06,THERMOMAX PROPERTIES LIMITED,NI021530,dissolved,Wincham – Greenfield Farm,CW12 4TR,ltd,68209,"{'address_line_1': '8 Falcon Heights', 'address_line_2': 'Newtownards', 'locality': 'Co Down'}"
1988-05-06,THERMOMAX PROPERTIES LIMITED,NI021530,dissolved,Adrem – Albert Chambers,CW12 4AA,ltd,68209,"{'address_line_1': '8 Falcon Heights', 'address_line_2': 'Newtownards', 'locality': 'Co Down'}"
1988-04-11,KENCRO DEVELOPMENTS LIMITED,NI021462,liquidation,Wincham – Greenfield Farm,CW12 4TR,ltd,,"{'address_line_1': 'At The Offices Of Barry Thompson', 'address_line_2': '3b Mill Avenue', 'locality': 'Portadown', 'postal_code': 'BT62 1BG', 'region': 'Co.Armagh'}"
1988-04-11,KENCRO DEVELOPMENTS LIMITED,NI021462,liquidation,Adrem – Albert Chambers,CW12 4AA,ltd,,"{'address_line_1': 'At The Offices Of Barry Thompson', 'address_line_2': '3b Mill Avenue', 'locality': 'Portadown', 'postal_code': 'BT62 1BG', 'region': 'Co.Armagh'}"
1988-03-31,ROCKFIELD SECURE HOMES LIMITED,NI021439,dissolved,Wincham – Greenfield Farm,CW12 4TR,ltd,,"{'address_line_1': 'Rockfield', 'address_line_2': 'Greengraves Road', 'locality': 'Dundonald', 'postal_code': 'BT16 0UZ', 'region': 'Belfast'}"
1988-03-31,ROCKFIELD SECURE HOMES LIMITED,NI021439,dissolved,Adrem – Albert Chambers,CW12 4AA,ltd,,"{'address_line_1': 'Rockfield', 'address_line_2': 'Greengraves Road', 'locality': 'Dundonald', 'postal_code': 'BT16 0UZ', 'region': 'Belfast'}"
1988-03-11,BALLANTYNE HOLLINGER & ASSOCIATES,NI021391,dissolved,Wincham – Greenfield Farm,CW12 4TR,private-unlimited,71111,"{'address_line_1': '2 May Avenue', 'address_line_2': 'Bangor', 'locality': 'Co Down', 'postal_code': 'BT20 4JT'}"
1988-03-11,BALLANTYNE HOLLINGER & ASSOCIATES,NI021391,dissolved,Adrem – Albert Chambers,CW12 4AA,private-unlimited,71111,"{'address_line_1': '2 May Avenue', 'address_line_2': 'Bangor', 'locality': 'Co Down', 'postal_code': 'BT20 4JT'}"
1988-03-08,NEWRY TILE COMPANY LIMITED,NI021375,dissolved,Wincham – Greenfield Farm,CW12 4TR,ltd,43330 | 46130,"{'address_line_1': '43 Patrick Street', 'address_line_2': 'Newry', 'locality': 'Co Down', 'postal_code': 'BT35 8EB'}"
1988-03-08,NEWRY TILE COMPANY LIMITED,NI021375,dissolved,Adrem – Albert Chambers,CW12 4AA,ltd,43330 | 46130,"{'address_line_1': '43 Patrick Street', 'address_line_2': 'Newry', 'locality': 'Co Down', 'postal_code': 'BT35 8EB'}"
1988-02-17,CNC COMPONENTS (U.K.) LIMITED,NI021311,dissolved,Wincham – Greenfield Farm,CW12 4TR,ltd,3613 | 3614 | 7487,"{'address_line_1': '38 Northland Row', 'locality': 'Dungannon', 'postal_code': 'BT71 6AP', 'region': 'Co Tyrone'}"
1988-02-17,CNC COMPONENTS (U.K.) LIMITED,NI021311,dissolved,Adrem – Albert Chambers,CW12 4AA,ltd,3613 | 3614 | 7487,"{'address_line_1': '38 Northland Row', 'locality': 'Dungannon', 'postal_code': 'BT71 6AP', 'region': 'Co Tyrone'}"
1987-12-04,GLENCOURT COMBER MANAGEMENT COMPANY LIMITED,NI021106,dissolved,Wincham – Greenfield Farm,CW12 4TR,ltd,68320 | 98000,"{'address_line_1': 'Apartment 1 33 Glen Road', 'address_line_2': 'Comber', 'locality': 'Newtownards', 'postal_code': 'BT23 5LL', 'country': 'Northern Ireland'}"
1987-12-04,GLENCOURT COMBER MANAGEMENT COMPANY LIMITED,NI021106,dissolved,Adrem – Albert Chambers,CW12 4AA,ltd,68320 | 98000,"{'address_line_1': 'Apartment 1 33 Glen Road', 'address_line_2': 'Comber', 'locality': 'Newtownards', 'postal_code': 'BT23 5LL', 'country': 'Northern Ireland'}"
1987-10-16,AVA LEISURE LIMITED,NI020971,dissolved,Wincham – Greenfield Farm,CW12 4TR,ltd,92000,"{'address_line_1': 'Ava House', 'address_line_2': '14 Prince Regent Road', 'locality': 'Belfast', 'postal_code': 'BT5 6QR'}"
1987-10-16,AVA LEISURE LIMITED,NI020971,dissolved,Adrem – Albert Chambers,CW12 4AA,ltd,92000,"{'address_line_1': 'Ava House', 'address_line_2': '14 Prince Regent Road', 'locality': 'Belfast', 'postal_code': 'BT5 6QR'}"
1987-09-09,R. & A. DEVELOPMENTS LIMITED,NI020863,dissolved,Wincham – Greenfield Farm,CW12 4TR,ltd,68100,"{'address_line_1': 'C/O Interpath Advisory Suite 209 Arthur House', 'address_line_2': '41 Arthur Street', 'locality': 'Belfast', 'postal_code': 'BT1 4GB', 'region': 'Antrim'}"
1987-09-09,R. & A. DEVELOPMENTS LIMITED,NI020863,dissolved,Adrem – Albert Chambers,CW12 4AA,ltd,68100,"{'address_line_1': 'C/O Interpath Advisory Suite 209 Arthur House', 'address_line_2': '41 Arthur Street', 'locality': 'Belfast', 'postal_code': 'BT1 4GB', 'region': 'Antrim'}"
1987-08-24,YORK STREET DEVELOPMENTS LTD,NI020837,converted-closed,Wincham – Greenfield Farm,CW12 4TR,converted-or-closed,82990,"{'address_line_1': 'Carrickfergus Industrial Centre', 'address_line_2': '75 Belfast Road', 'locality': 'Carrickfergus', 'postal_code': 'BT38 8PH'}"
1987-08-24,YORK STREET DEVELOPMENTS LTD,NI020837,converted-closed,Adrem – Albert Chambers,CW12 4AA,converted-or-closed,82990,"{'address_line_1': 'Carrickfergus Industrial Centre', 'address_line_2': '75 Belfast Road', 'locality': 'Carrickfergus', 'postal_code': 'BT38 8PH'}"
1987-08-17,H. K. DICKEY,NI020830,dissolved,Wincham – Greenfield Farm,CW12 4TR,private-unlimited,10120,"{'address_line_1': '15 Duke Street', 'locality': 'Ballymena', 'postal_code': 'BT43 6BL', 'country': 'Northern Ireland'}"
1987-08-17,H. K. DICKEY,NI020830,dissolved,Adrem – Albert Chambers,CW12 4AA,private-unlimited,10120,"{'address_line_1': '15 Duke Street', 'locality': 'Ballymena', 'postal_code': 'BT43 6BL', 'country': 'Northern Ireland'}"
1987-07-24,HILTON MEATS (INTERNATIONAL) 2013 LIMITED,NI020740,dissolved,Wincham – Greenfield Farm,CW12 4TR,ltd,46320,"{'address_line_1': 'C/O Pricewaterhousecoopers', 'address_line_2': 'Waterfront Plaza', 'locality': '8 Laganbank Road', 'postal_code': 'BT1 3LR', 'region': 'Belfast'}"
1987-07-24,DELTA SHOES (IRELAND) LIMITED,NI020756,liquidation,Wincham – Greenfield Farm,CW12 4TR,ltd,,"{'address_line_1': '21 Ballymacowaghy Road', 'address_line_2': 'Belfast', 'postal_code': 'BT8 4NH'}"
1987-07-24,HILTON MEATS (INTERNATIONAL) 2013 LIMITED,NI020740,dissolved,Adrem – Albert Chambers,CW12 4AA,ltd,46320,"{'address_line_1': 'C/O Pricewaterhousecoopers', 'address_line_2': 'Waterfront Plaza', 'locality': '8 Laganbank Road', 'postal_code': 'BT1 3LR', 'region': 'Belfast'}"
1987-07-24,DELTA SHOES (IRELAND) LIMITED,NI020756,liquidation,Adrem – Albert Chambers,CW12 4AA,ltd,,"{'address_line_1': '21 Ballymacowaghy Road', 'address_line_2': 'Belfast', 'postal_code': 'BT8 4NH'}"
1987-07-17,ABC OUTDOOR LIMITED,NI020709,dissolved,Wincham – Greenfield Farm,CW12 4TR,ltd,73110,"{'address_line_1': '27 College Gardens', 'locality': 'Belfast', 'postal_code': 'BT9 6BS'}"
1987-07-17,ABC OUTDOOR LIMITED,NI020709,dissolved,Adrem – Albert Chambers,CW12 4AA,ltd,73110,"{'address_line_1': '27 College Gardens', 'locality': 'Belfast', 'postal_code': 'BT9 6BS'}"
1987-07-06,O. ROONEY COACH HIRE LIMITED,NI020665,dissolved,Wincham – Greenfield Farm,CW12 4TR,ltd,7487,"{'address_line_1': '4 Dana Place', 'address_line_2': 'Hilltown', 'locality': 'Co Down', 'postal_code': 'BT34 5UE'}"
1987-07-06,O. ROONEY COACH HIRE LIMITED,NI020665,dissolved,Adrem – Albert Chambers,CW12 4AA,ltd,7487,"{'address_line_1': '4 Dana Place', 'address_line_2': 'Hilltown', 'locality': 'Co Down', 'postal_code': 'BT34 5UE'}"
1987-06-22,JOHN BAXTER (AGRIBUSINESS) LTD,NI020587,dissolved,Wincham – Greenfield Farm,CW12 4TR,ltd,99999,"{'address_line_1': 'Chapel House Farm', 'address_line_2': '39 Church Street', 'locality': 'Dromore', 'postal_code': 'BT78 3DY', 'region': 'Co Tyrone'}"
1987-06-22,JOHN BAXTER (AGRIBUSINESS) LTD,NI020587,dissolved,Adrem – Albert Chambers,CW12 4AA,ltd,99999,"{'address_line_1': 'Chapel House Farm', 'address_line_2': '39 Church Street', 'locality': 'Dromore', 'postal_code': 'BT78 3DY', 'region': 'Co Tyrone'}"
1987-05-22,DALZELL & COMPANY LTD,NI020499,liquidation,Wincham – Greenfield Farm,CW12 4TR,ltd,,"{'address_line_1': '248-266 Upper Newtownards Road', 'address_line_2': 'Belfast', 'postal_code': 'BT4 3EU'}"
1987-05-22,DALZELL & COMPANY LTD,NI020499,liquidation,Adrem – Albert Chambers,CW12 4AA,ltd,,"{'address_line_1': '248-266 Upper Newtownards Road', 'address_line_2': 'Belfast', 'postal_code': 'BT4 3EU'}"
1987-03-23,MEDICAL IMAGING (N.I.) LIMITED,NI020320,dissolved,Wincham – Greenfield Farm,CW12 4TR,ltd,32500,"{'address_line_1': '3 Wellington Park', 'locality': 'Belfast', 'postal_code': 'BT9 6DJ'}"
1987-03-23,MEDICAL IMAGING (N.I.) LIMITED,NI020320,dissolved,Adrem – Albert Chambers,CW12 4AA,ltd,32500,"{'address_line_1': '3 Wellington Park', 'locality': 'Belfast', 'postal_code': 'BT9 6DJ'}"
1987-03-04,HAVENSIDE MANAGEMENT SERVICES LIMITED,NI020218,dissolved,Wincham – Greenfield Farm,CW12 4TR,ltd,68320,"{'address_line_1': '20 Market Square', 'address_line_2': 'Lisburn', 'locality': 'Co. Antrim', 'postal_code': 'BT28 1AG'}"
1987-03-04,HAVENSIDE MANAGEMENT SERVICES LIMITED,NI020218,dissolved,Adrem – Albert Chambers,CW12 4AA,ltd,68320,"{'address_line_1': '20 Market Square', 'address_line_2': 'Lisburn', 'locality': 'Co. Antrim', 'postal_code': 'BT28 1AG'}"
1987-01-16,CONLON GUTTERS LIMITED,NI020118,dissolved,Wincham – Greenfield Farm,CW12 4TR,ltd,43910,"{'address_line_1': '21 Loughross Road', 'address_line_2': 'Crossmaglen', 'locality': 'Co Armagh', 'postal_code': 'BT35 9AS'}"
1987-01-16,CONLON GUTTERS LIMITED,NI020118,dissolved,Adrem – Albert Chambers,CW12 4AA,ltd,43910,"{'address_line_1': '21 Loughross Road', 'address_line_2': 'Crossmaglen', 'locality': 'Co Armagh', 'postal_code': 'BT35 9AS'}"
1986-12-30,GRACEY SAFEWAY LIMITED,NI020075,dissolved,Wincham – Greenfield Farm,CW12 4TR,ltd,46310 | 46320,"{'address_line_1': 'C/O Messrs D.T. Carson & Co', 'address_line_2': '51/53 Thomas Street', 'locality': 'Ballymena', 'postal_code': 'BT43 6AZ'}"
1986-12-30,GRACEY SAFEWAY LIMITED,NI020075,dissolved,Adrem – Albert Chambers,CW12 4AA,ltd,46310 | 46320,"{'address_line_1': 'C/O Messrs D.T. Carson & Co', 'address_line_2': '51/53 Thomas Street', 'locality': 'Ballymena', 'postal_code': 'BT43 6AZ'}"
1986-11-27,PROVIDENCE RESOURCES (N.I.) LIMITED,NI019968,dissolved,Wincham – Greenfield Farm,CW12 4TR,ltd,74990,"{'address_line_1': 'C/O Aisling House 50', 'address_line_2': 'Stranmillis Embankment', 'locality': 'Belfast', 'postal_code': 'BT9 5FL', 'country': 'Northern Ireland'}"
1986-11-27,PROVIDENCE RESOURCES (N.I.) LIMITED,NI019968,dissolved,Adrem – Albert Chambers,CW12 4AA,ltd,74990,"{'address_line_1': 'C/O Aisling House 50', 'address_line_2': 'Stranmillis Embankment', 'locality': 'Belfast', 'postal_code': 'BT9 5FL', 'country': 'Northern Ireland'}"
1986-09-23,INDEPENDENT PROPERTY PRESERVATIONS GROUP LIMITED - THE,NI019882,dissolved,Wincham – Greenfield Farm,CW12 4TR,ltd,4525,"{'address_line_1': 'Hill Vellacott', 'address_line_2': 'Chamber Of Commerce House', 'locality': '22 Great Victoria Street', 'postal_code': 'BT2 7BA', 'region': 'Belfast'}"
1986-09-23,INDEPENDENT PROPERTY PRESERVATIONS GROUP LIMITED - THE,NI019882,dissolved,Adrem – Albert Chambers,CW12 4AA,ltd,4525,"{'address_line_1': 'Hill Vellacott', 'address_line_2': 'Chamber Of Commerce House', 'locality': '22 Great Victoria Street', 'postal_code': 'BT2 7BA', 'region': 'Belfast'}"
1986-07-10,PROFESSIONAL SERVICE CENTRE LIMITED,NI019638,dissolved,Wincham – Greenfield Farm,CW12 4TR,ltd,74909,"{'address_line_1': '2 Aldergrange Avenue', 'locality': 'Newtownards', 'postal_code': 'BT23 4FY', 'region': 'County Down'}"
1986-07-10,PROFESSIONAL SERVICE CENTRE LIMITED,NI019638,dissolved,Adrem – Albert Chambers,CW12 4AA,ltd,74909,"{'address_line_1': '2 Aldergrange Avenue', 'locality': 'Newtownards', 'postal_code': 'BT23 4FY', 'region': 'County Down'}"
1986-07-04,A.D.E. AUTOPARTS (N.I.) LIMITED,NI019620,dissolved,Wincham – Greenfield Farm,CW12 4TR,ltd,45310,"{'address_line_1': '27 College Gardens', 'locality': 'Belfast', 'postal_code': 'BT9 6BS'}"
1986-07-04,A.D.E. AUTOPARTS (N.I.) LIMITED,NI019620,dissolved,Adrem – Albert Chambers,CW12 4AA,ltd,45310,"{'address_line_1': '27 College Gardens', 'locality': 'Belfast', 'postal_code': 'BT9 6BS'}"
1986-05-13,TOP SECURITY FENCING (N.I.) LIMITED,NI019468,dissolved,Wincham – Greenfield Farm,CW12 4TR,ltd,25720,"{'address_line_1': '64 New Road', 'address_line_2': 'Silverbridge', 'locality': 'Newry', 'postal_code': 'BT35 9LN', 'region': 'Co.Down'}"
1986-05-13,J. MACCAFFERTY LIMITED,NI019464,dissolved,Wincham – Greenfield Farm,CW12 4TR,ltd,86900,"{'address_line_1': '2 Clarendon Street', 'locality': 'Londonderry', 'postal_code': 'BT48 7ES'}"
1986-05-13,TOP SECURITY FENCING (N.I.) LIMITED,NI019468,dissolved,Adrem – Albert Chambers,CW12 4AA,ltd,25720,"{'address_line_1': '64 New Road', 'address_line_2': 'Silverbridge', 'locality': 'Newry', 'postal_code': 'BT35 9LN', 'region': 'Co.Down'}"
1986-05-13,J. MACCAFFERTY LIMITED,NI019464,dissolved,Adrem – Albert Chambers,CW12 4AA,ltd,86900,"{'address_line_1': '2 Clarendon Street', 'locality': 'Londonderry', 'postal_code': 'BT48 7ES'}"
1986-03-27,MAXOL DIRECT (NI) LIMITED,NI019296,dissolved,Wincham – Greenfield Farm,CW12 4TR,ltd,46711 | 46719,"{'address_line_1': 'C/O Grant Thornton (Ni) Llp', 'address_line_2': '12-15 Donegall Square West', 'locality': 'Belfast', 'postal_code': 'BT1 6JH'}"
1986-03-27,MAXOL DIRECT (NI) LIMITED,NI019296,dissolved,Adrem – Albert Chambers,CW12 4AA,ltd,46711 | 46719,"{'address_line_1': 'C/O Grant Thornton (Ni) Llp', 'address_line_2': '12-15 Donegall Square West', 'locality': 'Belfast', 'postal_code': 'BT1 6JH'}"
1986-02-17,TIVOLLY LIMITED,NI019210,dissolved,Wincham – Greenfield Farm,CW12 4TR,ltd,55100,"{'address_line_1': '52 Belfast Road', 'address_line_2': 'Newry', 'locality': 'Co Down', 'postal_code': 'BT34 1TR'}"
1986-02-17,TIVOLLY LIMITED,NI019210,dissolved,Adrem – Albert Chambers,CW12 4AA,ltd,55100,"{'address_line_1': '52 Belfast Road', 'address_line_2': 'Newry', 'locality': 'Co Down', 'postal_code': 'BT34 1TR'}"
1985-12-10,NOONAN CLEANING LIMITED,NI019004,dissolved,Wincham – Greenfield Farm,CW12 4TR,ltd,81222,"{'address_line_1': 'Security House', 'address_line_2': 'Lissue Industrial Estate East', 'locality': 'Lisburn', 'postal_code': 'BT28 2SN', 'region': 'Co Antrim', 'country': 'Northern Ireland'}"
1985-12-10,NOONAN CLEANING LIMITED,NI019004,dissolved,Adrem – Albert Chambers,CW12 4AA,ltd,81222,"{'address_line_1': 'Security House', 'address_line_2': 'Lissue Industrial Estate East', 'locality': 'Lisburn', 'postal_code': 'BT28 2SN', 'region': 'Co Antrim', 'country': 'Northern Ireland'}"
1985-11-14,COLLON BAR LIMITED - THE,NI018937,dissolved,Wincham – Greenfield Farm,CW12 4TR,ltd,56302,"{'address_line_1': ""21 Bond'S Hill"", 'address_line_2': 'Derry', 'postal_code': 'BT47 6DW'}"
1985-11-14,COLLON BAR LIMITED - THE,NI018937,dissolved,Adrem – Albert Chambers,CW12 4AA,ltd,56302,"{'address_line_1': ""21 Bond'S Hill"", 'address_line_2': 'Derry', 'postal_code': 'BT47 6DW'}"
1985-11-05,TRENCH TRANSPORT LIMITED,NI018926,dissolved,Wincham – Greenfield Farm,CW12 4TR,ltd,49410,"{'address_line_1': '17 Kings Court', 'address_line_2': 'Templepatrick', 'locality': 'Co Antrim', 'postal_code': 'BT39 0EB'}"
1985-11-05,TRENCH TRANSPORT LIMITED,NI018926,dissolved,Adrem – Albert Chambers,CW12 4AA,ltd,49410,"{'address_line_1': '17 Kings Court', 'address_line_2': 'Templepatrick', 'locality': 'Co Antrim', 'postal_code': 'BT39 0EB'}"
1985-10-18,PHIBETA SOFTWARE LIMITED,NI018881,dissolved,Wincham – Greenfield Farm,CW12 4TR,ltd,99999,"{'address_line_1': 'Lindsay House', 'address_line_2': '10 Callender Street', 'locality': 'Belfast', 'postal_code': 'BT1 5BN'}"
1985-10-18,PHIBETA SOFTWARE LIMITED,NI018881,dissolved,Adrem – Albert Chambers,CW12 4AA,ltd,99999,"{'address_line_1': 'Lindsay House', 'address_line_2': '10 Callender Street', 'locality': 'Belfast', 'postal_code': 'BT1 5BN'}"
1985-07-22,ALPHA TECHNOLOGIES (N.I.) LTD,NI018662,dissolved,Wincham – Greenfield Farm,CW12 4TR,ltd,74909,"{'address_line_1': 'Unit A1 Boucher Business Studios', 'address_line_2': 'Glenmachan Place', 'locality': 'Belfast', 'postal_code': 'BT12 6QH'}"
1985-07-22,ALPHA TECHNOLOGIES (N.I.) LTD,NI018662,dissolved,Adrem – Albert Chambers,CW12 4AA,ltd,74909,"{'address_line_1': 'Unit A1 Boucher Business Studios', 'address_line_2': 'Glenmachan Place', 'locality': 'Belfast', 'postal_code': 'BT12 6QH'}"
1985-07-01,FARMRITE ANIMAL HEALTH LIMITED,NI018613,dissolved,Wincham – Greenfield Farm,CW12 4TR,ltd,47990,"{'address_line_1': 'Units 1-2 Glenavy Road Business Park 20, Glenavy Road', 'address_line_2': 'Moira', 'locality': 'Craigavon', 'postal_code': 'BT67 0LT', 'region': 'County Armagh', 'country': 'Northern Ireland'}"
1985-07-01,FARMRITE ANIMAL HEALTH LIMITED,NI018613,dissolved,Adrem – Albert Chambers,CW12 4AA,ltd,47990,"{'address_line_1': 'Units 1-2 Glenavy Road Business Park 20, Glenavy Road', 'address_line_2': 'Moira', 'locality': 'Craigavon', 'postal_code': 'BT67 0LT', 'region': 'County Armagh', 'country': 'Northern Ireland'}"
1985-05-17,BAHIA BLANCA CLUB B LIMITED,NI018484,dissolved,Wincham – Greenfield Farm,CW12 4TR,private-limited-guarant-nsc,74990,"{'address_line_1': '6b Upper Water Street', 'locality': 'Newry', 'postal_code': 'BT34 1DJ', 'region': 'Co Down'}"
1985-05-17,BAHIA BLANCA CLUB B LIMITED,NI018484,dissolved,Adrem – Albert Chambers,CW12 4AA,private-limited-guarant-nsc,74990,"{'address_line_1': '6b Upper Water Street', 'locality': 'Newry', 'postal_code': 'BT34 1DJ', 'region': 'Co Down'}"
1985-05-16,BARCLAY (NORTHERN IRELAND) LTD,NI018466,dissolved,Wincham – Greenfield Farm,CW12 4TR,ltd,46460,"{'address_line_1': 'Barclay (Northern Ireland) Ltd Maryland Industrial Estate', 'address_line_2': 'Ballygowan Road', 'locality': 'Castlereagh', 'postal_code': 'BT23 6BL', 'region': 'Belfast', 'country': 'Northern Ireland'}"
1985-05-16,BARCLAY (NORTHERN IRELAND) LTD,NI018466,dissolved,Adrem – Albert Chambers,CW12 4AA,ltd,46460,"{'address_line_1': 'Barclay (Northern Ireland) Ltd Maryland Industrial Estate', 'address_line_2': 'Ballygowan Road', 'locality': 'Castlereagh', 'postal_code': 'BT23 6BL', 'region': 'Belfast', 'country': 'Northern Ireland'}"
1985-04-12,CAFE RENO LIMITED,NI018360,dissolved,Wincham – Greenfield Farm,CW12 4TR,ltd,74990,"{'address_line_1': 'C/O Flannigan Edmonds & Bannon', 'address_line_2': 'Pearl Assurance House', 'locality': '2 Donegall Square East', 'postal_code': 'BT1 5HH', 'region': 'Belfast'}"
1985-04-12,PHILPOTT HOMES LIMITED,NI018358,dissolved,Wincham – Greenfield Farm,CW12 4TR,ltd,41202,"{'address_line_1': '1a Nevins Row', 'address_line_2': 'Ballyskeagh Road', 'locality': 'Lisburn', 'postal_code': 'BT27 5TF', 'country': 'Northern Ireland'}"
1985-04-12,CAFE RENO LIMITED,NI018360,dissolved,Adrem – Albert Chambers,CW12 4AA,ltd,74990,"{'address_line_1': 'C/O Flannigan Edmonds & Bannon', 'address_line_2': 'Pearl Assurance House', 'locality': '2 Donegall Square East', 'postal_code': 'BT1 5HH', 'region': 'Belfast'}"
1985-04-12,PHILPOTT HOMES LIMITED,NI018358,dissolved,Adrem – Albert Chambers,CW12 4AA,ltd,41202,"{'address_line_1': '1a Nevins Row', 'address_line_2': 'Ballyskeagh Road', 'locality': 'Lisburn', 'postal_code': 'BT27 5TF', 'country': 'Northern Ireland'}"
1985-02-07,ROCKSBORO INVESTMENTS LIMITED,NI018187,dissolved,Wincham – Greenfield Farm,CW12 4TR,ltd,99999,"{'address_line_1': 'Newpark', 'address_line_2': '65 Greystone Road', 'locality': 'Antrim', 'postal_code': 'BT41 2QN', 'region': 'Co Antrim'}"
1985-02-07,ROCKSBORO INVESTMENTS LIMITED,NI018187,dissolved,Adrem – Albert Chambers,CW12 4AA,ltd,99999,"{'address_line_1': 'Newpark', 'address_line_2': '65 Greystone Road', 'locality': 'Antrim', 'postal_code': 'BT41 2QN', 'region': 'Co Antrim'}"
1984-12-14,DORSET ENTERPRISES LIMITED,NI018041,dissolved,Wincham – Greenfield Farm,CW12 4TR,ltd,90040,"{'address_line_1': '15 Rockfield', 'address_line_2': 'Madamsbank Road', 'locality': 'Derry', 'postal_code': 'BT48 8AU'}"
1984-12-14,DORSET ENTERPRISES LIMITED,NI018041,dissolved,Adrem – Albert Chambers,CW12 4AA,ltd,90040,"{'address_line_1': '15 Rockfield', 'address_line_2': 'Madamsbank Road', 'locality': 'Derry', 'postal_code': 'BT48 8AU'}"
1984-12-05,CORDINER'S WINDOWS LIMITED,NI018012,dissolved,Wincham – Greenfield Farm,CW12 4TR,ltd,,"{'address_line_1': 'C/O Kpmg  Stokes House', 'address_line_2': 'College Square East', 'locality': 'Belfast', 'postal_code': 'BT1 6DH'}"
1984-12-05,CORDINER'S WINDOWS LIMITED,NI018012,dissolved,Adrem – Albert Chambers,CW12 4AA,ltd,,"{'address_line_1': 'C/O Kpmg  Stokes House', 'address_line_2': 'College Square East', 'locality': 'Belfast', 'postal_code': 'BT1 6DH'}"
1984-11-20,WOODTOX LIMITED,NI017982,dissolved,Wincham – Greenfield Farm,CW12 4TR,ltd,99999,"{'address_line_1': 'Hill Vellacott', 'address_line_2': 'Chamber Of Commerce House', 'locality': '22 Great Victoria Street', 'postal_code': 'BT2 7BA', 'region': 'Belfast'}"
1984-11-20,WOODTOX LIMITED,NI017982,dissolved,Adrem – Albert Chambers,CW12 4AA,ltd,99999,"{'address_line_1': 'Hill Vellacott', 'address_line_2': 'Chamber Of Commerce House', 'locality': '22 Great Victoria Street', 'postal_code': 'BT2 7BA', 'region': 'Belfast'}"
1984-10-24,BUILDINGS AND TANKS LIMITED,NI017900,dissolved,Wincham – Greenfield Farm,CW12 4TR,ltd,25290,"{'address_line_1': '43 Kerr Street', 'address_line_2': 'Portrush', 'locality': 'Co. Antrim', 'postal_code': 'BT56 8DQ'}"
1984-10-24,BUILDINGS AND TANKS LIMITED,NI017900,dissolved,Adrem – Albert Chambers,CW12 4AA,ltd,25290,"{'address_line_1': '43 Kerr Street', 'address_line_2': 'Portrush', 'locality': 'Co. Antrim', 'postal_code': 'BT56 8DQ'}"
1984-10-17,KWIK FIT (NI) LIMITED,NI017868,dissolved,Wincham – Greenfield Farm,CW12 4TR,ltd,99999,"{'address_line_1': '1 Balloo Park', 'address_line_2': 'South Circular Road', 'locality': 'Bangor', 'postal_code': 'BT19 7PP', 'region': 'County Down'}"
1984-10-17,KWIK FIT (NI) LIMITED,NI017868,dissolved,Adrem – Albert Chambers,CW12 4AA,ltd,99999,"{'address_line_1': '1 Balloo Park', 'address_line_2': 'South Circular Road', 'locality': 'Bangor', 'postal_code': 'BT19 7PP', 'region': 'County Down'}"
1984-10-03,PLANNED MEDIA COMMUNICATIONS LIMITED,NI017846,liquidation,Wincham – Greenfield Farm,CW12 4TR,ltd,,"{'address_line_1': '1 Columba Terrace', 'address_line_2': 'Londonderry', 'locality': 'Co Londonderry', 'postal_code': 'BT47 1JT'}"
1984-10-03,PLANNED MEDIA COMMUNICATIONS LIMITED,NI017846,liquidation,Adrem – Albert Chambers,CW12 4AA,ltd,,"{'address_line_1': '1 Columba Terrace', 'address_line_2': 'Londonderry', 'locality': 'Co Londonderry', 'postal_code': 'BT47 1JT'}"
1984-06-21,NORTHERN IRELAND ASSOCIATION OF CITIZENS ADVICE BUREAUX LIMITED - THE,NI017574,dissolved,Wincham – Greenfield Farm,CW12 4TR,private-limited-guarant-nsc,94990,"{'address_line_1': '46 Donegall Pass', 'address_line_2': 'Belfast', 'postal_code': 'BT7 1BS'}"
1984-06-21,NORTHERN IRELAND ASSOCIATION OF CITIZENS ADVICE BUREAUX LIMITED - THE,NI017574,dissolved,Adrem – Albert Chambers,CW12 4AA,private-limited-guarant-nsc,94990,"{'address_line_1': '46 Donegall Pass', 'address_line_2': 'Belfast', 'postal_code': 'BT7 1BS'}"
1984-05-11,ANDRONICS COMMUNICATIONS LTD,NI017460,liquidation,Wincham – Greenfield Farm,CW12 4TR,ltd,,"{'address_line_1': '20d Balliniska Road', 'locality': 'Derry', 'postal_code': 'BT48 0LY', 'region': 'Londonderry'}"
1984-05-11,ANDRONICS COMMUNICATIONS LTD,NI017460,liquidation,Adrem – Albert Chambers,CW12 4AA,ltd,,"{'address_line_1': '20d Balliniska Road', 'locality': 'Derry', 'postal_code': 'BT48 0LY', 'region': 'Londonderry'}"
1984-04-30,PARAGON TILES LIMITED,NI017448,dissolved,Wincham – Greenfield Farm,CW12 4TR,ltd,46760,"{'address_line_1': 'Centrepoint', 'address_line_2': '24 Ormeau Avenue', 'locality': 'Belfast', 'postal_code': 'BT2 8HS'}"
1984-04-30,PARAGON TILES LIMITED,NI017448,dissolved,Adrem – Albert Chambers,CW12 4AA,ltd,46760,"{'address_line_1': 'Centrepoint', 'address_line_2': '24 Ormeau Avenue', 'locality': 'Belfast', 'postal_code': 'BT2 8HS'}"
1984-03-15,STARDUST AMUSEMENTS,NI017348,dissolved,Wincham – Greenfield Farm,CW12 4TR,private-unlimited,77390,"{'address_line_1': '107 Lisnevenagh Road', 'locality': 'Ballymena', 'postal_code': 'BT42 2LN', 'region': 'Co Antrim'}"
1984-03-15,STARDUST AMUSEMENTS,NI017348,dissolved,Adrem – Albert Chambers,CW12 4AA,private-unlimited,77390,"{'address_line_1': '107 Lisnevenagh Road', 'locality': 'Ballymena', 'postal_code': 'BT42 2LN', 'region': 'Co Antrim'}"
1983-11-07,P.M.R. ENGINEERING LIMITED,NI017033,liquidation,Wincham – Greenfield Farm,CW12 4TR,ltd,,"{'address_line_1': 'Mcclure Watters', 'address_line_2': 'Thomas House', 'locality': '14-16 James Street South', 'postal_code': 'BT2 7GA', 'region': 'Belfast'}"
1983-11-07,P.M.R. ENGINEERING LIMITED,NI017033,liquidation,Adrem – Albert Chambers,CW12 4AA,ltd,,"{'address_line_1': 'Mcclure Watters', 'address_line_2': 'Thomas House', 'locality': '14-16 James Street South', 'postal_code': 'BT2 7GA', 'region': 'Belfast'}"
1983-10-13,VOLUNTARY YOUTH NETWORK FOR NORTHERN IRELAND,NI016988,dissolved,Wincham – Greenfield Farm,CW12 4TR,private-limited-guarant-nsc-limited-exemption,94990,"{'address_line_1': '32 Shandon Drive', 'locality': 'Bangor', 'postal_code': 'BT20 5HR', 'region': 'Co Down'}"
1983-10-13,VOLUNTARY YOUTH NETWORK FOR NORTHERN IRELAND,NI016988,dissolved,Adrem – Albert Chambers,CW12 4AA,private-limited-guarant-nsc-limited-exemption,94990,"{'address_line_1': '32 Shandon Drive', 'locality': 'Bangor', 'postal_code': 'BT20 5HR', 'region': 'Co Down'}"
1983-10-05,DUNBIA (NORTHERN IRELAND),NI016970,dissolved,Wincham – Greenfield Farm,CW12 4TR,private-unlimited,10110,"{'address_line_1': 'Granville Industrial Estate', 'address_line_2': 'Dungannon', 'locality': 'Co Tyrone', 'postal_code': 'BT70 1NJ'}"
1983-10-05,DUNBIA (NORTHERN IRELAND),NI016970,dissolved,Adrem – Albert Chambers,CW12 4AA,private-unlimited,10110,"{'address_line_1': 'Granville Industrial Estate', 'address_line_2': 'Dungannon', 'locality': 'Co Tyrone', 'postal_code': 'BT70 1NJ'}"
1983-09-06,SION MILLS CONTRACTORS LIMITED,NI016906,dissolved,Wincham – Greenfield Farm,CW12 4TR,ltd,96090,"{'address_line_1': '52 Primrose Pk', 'address_line_2': 'Sion Mills Strabane', 'locality': 'Strabane', 'postal_code': 'BT82 9QY', 'region': 'Co Tyrone'}"
1983-09-06,SION MILLS CONTRACTORS LIMITED,NI016906,dissolved,Adrem – Albert Chambers,CW12 4AA,ltd,96090,"{'address_line_1': '52 Primrose Pk', 'address_line_2': 'Sion Mills Strabane', 'locality': 'Strabane', 'postal_code': 'BT82 9QY', 'region': 'Co Tyrone'}"
1983-08-26,MCMULLEN ARCHITECTURAL SYSTEMS LIMITED,NI016891,dissolved,Wincham – Greenfield Farm,CW12 4TR,ltd,25110 | 25120,"{'address_line_1': 'C/O Pricewaterhousecoopers Llp Waterfront Plaza', 'address_line_2': '8 Laganbank Road', 'locality': 'Belfast', 'postal_code': 'BT1 3LR'}"
1983-08-26,MCMULLEN ARCHITECTURAL SYSTEMS LIMITED,NI016891,dissolved,Adrem – Albert Chambers,CW12 4AA,ltd,25110 | 25120,"{'address_line_1': 'C/O Pricewaterhousecoopers Llp Waterfront Plaza', 'address_line_2': '8 Laganbank Road', 'locality': 'Belfast', 'postal_code': 'BT1 3LR'}"
1983-08-05,SAINTFIELD YARNS LIMITED,NI016860,dissolved,Wincham – Greenfield Farm,CW12 4TR,ltd,,"{'address_line_1': 'C/O Pricewaterhousecoopers Llp', 'address_line_2': 'Waterfront Plaza', 'locality': '8 Laganbank Road', 'postal_code': 'BT1 3LR', 'region': 'Belfast'}"
1983-08-05,SAINTFIELD YARNS LIMITED,NI016860,dissolved,Adrem – Albert Chambers,CW12 4AA,ltd,,"{'address_line_1': 'C/O Pricewaterhousecoopers Llp', 'address_line_2': 'Waterfront Plaza', 'locality': '8 Laganbank Road', 'postal_code': 'BT1 3LR', 'region': 'Belfast'}"
1983-03-14,A.S.K. ELECTRICAL LIMITED,NI016498,dissolved,Wincham – Greenfield Farm,CW12 4TR,ltd,4531,"{'address_line_1': '3 Wellington Park', 'address_line_2': 'Malone Road', 'locality': 'Belfast', 'postal_code': 'BT9 6DJ'}"
1983-03-14,A.S.K. ELECTRICAL LIMITED,NI016498,dissolved,Adrem – Albert Chambers,CW12 4AA,ltd,4531,"{'address_line_1': '3 Wellington Park', 'address_line_2': 'Malone Road', 'locality': 'Belfast', 'postal_code': 'BT9 6DJ'}"
1983-01-06,YOUTH FASHIONS LIMITED,NI016353,dissolved,Wincham – Greenfield Farm,CW12 4TR,ltd,47710,"{'address_line_1': 'C/O Grant Thornton (Ni) Llp', 'address_line_2': '12-15 Donegall Square West', 'locality': 'Belfast', 'postal_code': 'BT1 6JH'}"
1983-01-06,YOUTH FASHIONS LIMITED,NI016353,dissolved,Adrem – Albert Chambers,CW12 4AA,ltd,47710,"{'address_line_1': 'C/O Grant Thornton (Ni) Llp', 'address_line_2': '12-15 Donegall Square West', 'locality': 'Belfast', 'postal_code': 'BT1 6JH'}"
1982-11-26,CARMEAN CHEMICALS LIMITED,NI016288,dissolved,Wincham – Greenfield Farm,CW12 4TR,ltd,99999,"{'address_line_1': '99 Kingsway', 'address_line_2': 'Dunmurry', 'locality': 'Belfast', 'postal_code': 'BT17 9NU'}"
1982-11-26,CARMEAN CHEMICALS LIMITED,NI016288,dissolved,Adrem – Albert Chambers,CW12 4AA,ltd,99999,"{'address_line_1': '99 Kingsway', 'address_line_2': 'Dunmurry', 'locality': 'Belfast', 'postal_code': 'BT17 9NU'}"
1982-09-12,WHITEHEAD PROPERTIES LTD,NI016095,dissolved,Wincham – Greenfield Farm,CW12 4TR,ltd,41100 | 41202,"{'address_line_1': '17 Clarendon Road', 'address_line_2': 'Clarendon Dock', 'locality': 'Belfast', 'postal_code': 'BT1 3BG', 'region': 'Antrim'}"
1982-09-12,WHITEHEAD PROPERTIES LTD,NI016095,dissolved,Adrem – Albert Chambers,CW12 4AA,ltd,41100 | 41202,"{'address_line_1': '17 Clarendon Road', 'address_line_2': 'Clarendon Dock', 'locality': 'Belfast', 'postal_code': 'BT1 3BG', 'region': 'Antrim'}"
1982-01-08,PANORAMA DISTRIBUTION  CO. LIMITED,NI015327,dissolved,Wincham – Greenfield Farm,CW12 4TR,ltd,99999,"{'address_line_1': 'Unit 12/15 38 Montgomery Road', 'locality': 'Belfast', 'postal_code': 'BT6 9HN'}"
1982-01-08,PANORAMA DISTRIBUTION  CO. LIMITED,NI015327,dissolved,Adrem – Albert Chambers,CW12 4AA,ltd,99999,"{'address_line_1': 'Unit 12/15 38 Montgomery Road', 'locality': 'Belfast', 'postal_code': 'BT6 9HN'}"
1980-09-12,TP BELFAST LIMITED,NI014502,dissolved,Wincham – Greenfield Farm,CW12 4TR,ltd,99999,"{'address_line_1': 'Bedford House', 'address_line_2': '16 Bedford Street', 'locality': 'Belfast', 'postal_code': 'BT2 7DT'}"
1980-09-12,TP BELFAST LIMITED,NI014502,dissolved,Adrem – Albert Chambers,CW12 4AA,ltd,99999,"{'address_line_1': 'Bedford House', 'address_line_2': '16 Bedford Street', 'locality': 'Belfast', 'postal_code': 'BT2 7DT'}"
1979-04-24,MATBRO (NI) LIMITED,NI013550,dissolved,Wincham – Greenfield Farm,CW12 4TR,ltd,99999,"{'address_line_1': 'Coalisland Road', 'address_line_2': 'Dungannon', 'locality': 'County Tyrone', 'postal_code': 'BT71 4DR', 'country': 'Northern Ireland'}"
1979-04-24,MATBRO (NI) LIMITED,NI013550,dissolved,Adrem – Albert Chambers,CW12 4AA,ltd,99999,"{'address_line_1': 'Coalisland Road', 'address_line_2': 'Dungannon', 'locality': 'County Tyrone', 'postal_code': 'BT71 4DR', 'country': 'Northern Ireland'}"
1978-10-04,MACQUIP LIMITED,NI013077,dissolved,Wincham – Greenfield Farm,CW12 4TR,ltd,46610,"{'address_line_1': '16,Ballycraigy Road', 'address_line_2': 'Antrim', 'postal_code': 'BT41 1PL'}"
1978-10-04,MACQUIP LIMITED,NI013077,dissolved,Adrem – Albert Chambers,CW12 4AA,ltd,46610,"{'address_line_1': '16,Ballycraigy Road', 'address_line_2': 'Antrim', 'postal_code': 'BT41 1PL'}"
1978-08-04,J.H. GASS CYCLES LIMITED,NI012949,dissolved,Wincham – Greenfield Farm,CW12 4TR,ltd,47789,"{'address_line_1': 'Gordon Street Mews', 'address_line_2': '27/29  Gordon Street', 'locality': 'Belfast', 'postal_code': 'BT1 2LG'}"
1978-08-04,J.H. GASS CYCLES LIMITED,NI012949,dissolved,Adrem – Albert Chambers,CW12 4AA,ltd,47789,"{'address_line_1': 'Gordon Street Mews', 'address_line_2': '27/29  Gordon Street', 'locality': 'Belfast', 'postal_code': 'BT1 2LG'}"
